Model,Time Taken
STT,0.34623995699803345
STT,0.30938135700125713
