Model,Time Taken
STT,0.3669417439996323
LLM,0.7797775830003957
TTS,2.3026743899990834
STT,0.38306475799981854
LLM,1.1383709519996046
TTS,1.0723645860016404
STT,0.34800743799860356
TTS,0.6262673180008278
STT,0.30372088399963104
LLM,0.8255995449999318
TTS,0.6036433120007132
